0.5,0.5,0,0,5.0,0.0
0.5,0.5,0,0,4.999949644960026,0.022439872194627154
0.5,0.5,0,0,4.999798580854355,0.044879292404989765
0.5,0.5,0,0,4.999546810725724,0.06731780865592715
0.5,0.5,0,0,4.999194339645291,0.08975496899048618
0.5,0.5,0,0,4.998741174712532,0.11219032147902469
0.5,0.5,0,0,4.998187325055106,0.13462341422831406
0.5,0.5,0,0,4.997532801828658,0.15705379539064146
0.5,0.5,0,0,4.996777618216607,0.17948101317291087
0.5,0.5,0,0,4.995921789429873,0.20190461584574312
0.5,0.5,0,0,4.994965332706574,0.2243241517525746
0.5,0.5,0,0,4.993908267311674,0.24673916931875461
0.5,0.5,0,0,4.992750614536605,0.269149217060641
0.5,0.5,0,0,4.991492397698824,0.2915538435946937
0.5,0.5,0,0,4.990133642141358,0.31395259764656686
0.5,0.5,0,0,4.98867437523228,0.3363450280601982
0.5,0.5,0,0,4.98711462636417,0.35873068380689643
0.5,0.5,0,0,4.985454426953513,0.3811091139944254
0.5,0.5,0,0,4.983693810440073,0.4034798678760864
0.5,0.5,0,0,4.981832812286216,0.4258424948597972
0.5,0.5,0,0,4.979871469976195,0.4481965445171675
0.5,0.5,0,0,4.9778098230154,0.4705415665925716
0.5,0.5,0,0,4.975647912929556,0.49287711101221754
0.5,0.5,0,0,4.9733857832638915,0.5152027278932126
0.5,0.5,0,0,4.971023479582258,0.5375179675526245
0.5,0.5,0,0,4.968561049466213,0.5598223805165393
0.5,0.5,0,0,4.965998542514065,0.5821155175291144
0.5,0.5,0,0,4.963336010339868,0.6043969295616274
0.5,0.5,0,0,4.9605735065723895,0.6266661678215213
0.5,0.5,0,0,4.957711086854023,0.6489227837614425
0.5,0.5,0,0,4.954748808839674,0.6711663290882773
0.5,0.5,0,0,4.951686732195592,0.69339635577218
0.5,0.5,0,0,4.948524918598174,0.7156124160555974
0.5,0.5,0,0,4.945263431732721,0.7378140624622884
0.5,0.5,0,0,4.941902337292154,0.7600008478063357
0.5,0.5,0,0,4.938441702975689,0.7821723252011543
0.5,0.5,0,0,4.934881598487478,0.8043280480684921
0.5,0.5,0,0,4.931222095535205,0.826467570147425
0.5,0.5,0,0,4.927463267828633,0.8485904455033446
0.5,0.5,0,0,4.923605191078134,0.8706962285369426
0.5,0.5,0,0,4.919647942993148,0.8927844739931833
0.5,0.5,0,0,4.915591603280632,0.9148547369702732
0.5,0.5,0,0,4.911436253643443,0.9369065729286231
0.5,0.5,0,0,4.907181977778702,0.9589395376998001
0.5,0.5,0,0,4.9028288613761,0.9809531874954758
0.5,0.5,0,0,4.898376992116178,1.002947078916364
0.5,0.5,0,0,4.893826459668557,1.0249207689611515
0.5,0.5,0,0,4.889177355690134,1.0468738150354227
0.5,0.5,0,0,4.884429773823238,1.0688057749605724
0.5,0.5,0,0,4.879583809693737,1.0907162069827125
0.5,0.5,0,0,4.874639560909118,1.112604669781572
0.5,0.5,0,0,4.86959712705652,1.1344707224793824
0.5,0.5,0,0,4.864456609700724,1.156313924649761
0.5,0.5,0,0,4.859218112382116,1.1781338363265799
0.5,0.5,0,0,4.85388174061459,1.1999300180128294
0.5,0.5,0,0,4.848447601883434,1.2217020306894701
0.5,0.5,0,0,4.842915805643155,1.243449435824274
0.5,0.5,0,0,4.837286463315283,1.2651717953806592
0.5,0.5,0,0,4.83155968828612,1.2868686718265119
0.5,0.5,0,0,4.825735595904461,1.308539628143
0.5,0.5,0,0,4.819814303479266,1.3301842278333755
0.5,0.5,0,0,4.813795930277305,1.3518020349317648
0.5,0.5,0,0,4.807680597520744,1.373392614011951
0.5,0.5,0,0,4.801468428384715,1.3949555301961465
0.5,0.5,0,0,4.795159547994828,1.416490349163747
0.5,0.5,0,0,4.788754083424652,1.4379966371600863
0.5,0.5,0,0,4.782252163693158,1.4594739610051666
0.5,0.5,0,0,4.7756539197621155,1.4809218881023876
0.5,0.5,0,0,4.76895948453346,1.5023399864472595
0.5,0.5,0,0,4.762168992846614,1.523727824636102
0.5,0.5,0,0,4.755282581475767,1.545084971874737
0.5,0.5,0,0,4.74830038912713,1.5664109979871632
0.5,0.5,0,0,4.741222556436131,1.5877054734242215
0.5,0.5,0,0,4.734049225964591,1.6089679692722476
0.5,0.5,0,0,4.726780542197845,1.6301980572617092
0.5,0.5,0,0,4.719416651541838,1.6513953097758356
0.5,0.5,0,0,4.711957702320174,1.6725592998592267
0.5,0.5,0,0,4.704403844771127,1.6936896012264568
0.5,0.5,0,0,4.696755231044618,1.7147857882706574
0.5,0.5,0,0,4.689012015199145,1.7358474360720921
0.5,0.5,0,0,4.681174353198686,1.7568741204067133
0.5,0.5,0,0,4.673242402909555,1.7778654177547097
0.5,0.5,0,0,4.665216324097221,1.7988209053090345
0.5,0.5,0,0,4.657096278423092,1.819740160983922
0.5,0.5,0,0,4.648882429441256,1.8406227634233898
0.5,0.5,0,0,4.640574942595195,1.8614682920097259
0.5,0.5,0,0,4.632173985214437,1.8822763268719598
0.5,0.5,0,0,4.623679726511202,1.903046448894321
0.5,0.5,0,0,4.615092337576987,1.9237782397246797
0.5,0.5,0,0,4.606411991379113,1.9444712817829737
0.5,0.5,0,0,4.597638862757253,1.965125158269618
0.5,0.5,0,0,4.588773128419906,1.985739453173903
0.5,0.5,0,0,4.579814966940833,2.006313751282371
0.5,0.5,0,0,4.570764558755466,2.02684763818718
0.5,0.5,0,0,4.561622086157272,2.047340700294453
0.5,0.5,0,0,4.55238773329408,2.067792524832603
0.5,0.5,0,0,4.543061686164372,2.0882026998606555
0.5,0.5,0,0,4.53364413261354,2.1085708142765376
0.5,0.5,0,0,4.524135262330098,2.128896457825363
0.5,0.5,0,0,4.514535266841862,2.149179221107695
0.5,0.5,0,0,4.504844339512096,2.1694186955877908
0.5,0.5,0,0,4.495062675535612,2.1896144736018313
0.5,0.5,0,0,4.485190471934843,2.2097661483661337
0.5,0.5,0,0,4.475227927555872,2.229873313985342
0.5,0.5,0,0,4.465175243064427,2.2499355654606057
0.5,0.5,0,0,4.455032620941839,2.2699524986977337
0.5,0.5,0,0,4.444800265480967,2.2899237105153376
0.5,0.5,0,0,4.434478382782075,2.309848798652949
0.5,0.5,0,0,4.424067180748692,2.329727361779124
0.5,0.5,0,0,4.413566869083415,2.3495589994995267
0.5,0.5,0,0,4.40297765928369,2.3693433123649936
0.5,0.5,0,0,4.392299764637549,2.389079901879577
0.5,0.5,0,0,4.381533400219318,2.4087683705085765
0.5,0.5,0,0,4.370678782885281,2.428408321686541
0.5,0.5,0,0,4.359736131269313,2.447999359825262
0.5,0.5,0,0,4.3487056657784775,2.4675410903217343
0.5,0.5,0,0,4.337587608588588,2.48703311956611
0.5,0.5,0,0,4.32638218363973,2.5064750549496253
0.5,0.5,0,0,4.315089616631751,2.525866504872505
0.5,0.5,0,0,4.303710135019719,2.5452070787518566
0.5,0.5,0,0,4.2922439680093305,2.5644963870295308
0.5,0.5,0,0,4.280691346552308,2.583734041179972
0.5,0.5,0,0,4.269052503341736,2.602919653718043
0.5,0.5,0,0,4.2573276728073814,2.6220528382068284
0.5,0.5,0,0,4.245517091110968,2.641133209265422
0.5,0.5,0,0,4.23362099614142,2.6601603825766826
0.5,0.5,0,0,4.221639627510076,2.679133974894983
0.5,0.5,0,0,4.20957322654585,2.6980536040539227
0.5,0.5,0,0,4.197422036290386,2.7169188889740283
0.5,0.5,0,0,4.185186301493152,2.73572944967043
0.5,0.5,0,0,4.172866268606513,2.7544849072605126
0.5,0.5,0,0,4.16046218578077,2.77318488397155
0.5,0.5,0,0,4.147974302859156,2.791829003148312
0.5,0.5,0,0,4.1354028713728095,2.8104168892606527
0.5,0.5,0,0,4.122748144535704,2.828948167911072
0.5,0.5,0,0,4.11001037723955,2.8474224658422598
0.5,0.5,0,0,4.097189826048659,2.865839410944611
0.5,0.5,0,0,4.0842867491947805,2.8841986322637236
0.5,0.5,0,0,4.071301406571893,2.9024997600078666
0.5,0.5,0,0,4.058234059730975,2.920742425555435
0.5,0.5,0,0,4.045084971874737,2.938926261462366
0.5,0.5,0,0,4.031854407852316,2.957050901469545
0.5,0.5,0,0,4.018542634153944,2.9751159805101857
0.5,0.5,0,0,4.005149918905579,2.9931211347171756
0.5,0.5,0,0,3.991676531863507,3.01106600143041
0.5,0.5,0,0,3.978122744408905,3.028950219204099
0.5,0.5,0,0,3.9644888295423764,3.0467734278140406
0.5,0.5,0,0,3.9507750618784514,3.0645352682648825
0.5,0.5,0,0,3.9369817176400597,3.0822353827973497
0.5,0.5,0,0,3.92310907465296,3.099873414895453
0.5,0.5,0,0,3.909157412340149,3.1174490092936673
0.5,0.5,0,0,3.895127011716233,3.13496181198409
0.5,0.5,0,0,3.8810181553817653,3.1524114702235684
0.5,0.5,0,0,3.8668311275175555,3.1697976325408077
0.5,0.5,0,0,3.852566213878946,3.1871199487434483
0.5,0.5,0,0,3.8382237017900556,3.2043780699251205
0.5,0.5,0,0,3.823803880137992,3.2215716484724717
0.5,0.5,0,0,3.809307039367033,3.238700338072167
0.5,0.5,0,0,3.7947334714727776,3.2557637937178674
0.5,0.5,0,0,3.7800834699962635,3.272761671717176
0.5,0.5,0,0,3.765357330018055,3.289693629698563
0.5,0.5,0,0,3.750555348152298,3.306559326618259
0.5,0.5,0,0,3.7356778225407483,3.3233584227671282
0.5,0.5,0,0,3.720725052846765,3.340090579777506
0.5,0.5,0,0,3.7056973402492743,3.356755460630019
0.5,0.5,0,0,3.6905949874367034,3.373352729660371
0.5,0.5,0,0,3.6754182986008836,3.3898820525661044
0.5,0.5,0,0,3.660167579430926,3.406343096413331
0.5,0.5,0,0,3.644843137107058,3.4227355296434436
0.5,0.5,0,0,3.629445280294443,3.439059022079789
0.5,0.5,0,0,3.6139743191369575,3.4553132449343233
0.5,0.5,0,0,3.5984305652509505,3.4714978708142286
0.5,0.5,0,0,3.5828143317189616,3.4876125737285113
0.5,0.5,0,0,3.5671259330834144,3.503657029094569
0.5,0.5,0,0,3.5513656853402855,3.5196309137447246
0.5,0.5,0,0,3.5355339059327378,3.5355339059327373
0.5,0.5,0,0,3.519630913744725,3.5513656853402846
0.5,0.5,0,0,3.5036570290945694,3.567125933083414
0.5,0.5,0,0,3.4876125737285117,3.5828143317189607
0.5,0.5,0,0,3.4714978708142286,3.5984305652509505
0.5,0.5,0,0,3.4553132449343233,3.6139743191369575
0.5,0.5,0,0,3.4390590220797894,3.6294452802944424
0.5,0.5,0,0,3.422735529643443,3.644843137107058
0.5,0.5,0,0,3.406343096413331,3.660167579430925
0.5,0.5,0,0,3.3898820525661044,3.6754182986008836
0.5,0.5,0,0,3.3733527296603723,3.690594987436703
0.5,0.5,0,0,3.3567554606300205,3.705697340249274
0.5,0.5,0,0,3.3400905797775065,3.720725052846765
0.5,0.5,0,0,3.3233584227671282,3.7356778225407483
0.5,0.5,0,0,3.306559326618259,3.750555348152298
0.5,0.5,0,0,3.289693629698563,3.7653573300180545
0.5,0.5,0,0,3.2727616717171766,3.7800834699962635
0.5,0.5,0,0,3.2557637937178674,3.7947334714727776
0.5,0.5,0,0,3.2387003380721673,3.8093070393670327
0.5,0.5,0,0,3.2215716484724717,3.8238038801379917
0.5,0.5,0,0,3.2043780699251205,3.8382237017900556
0.5,0.5,0,0,3.187119948743449,3.8525662138789456
0.5,0.5,0,0,3.169797632540808,3.8668311275175555
0.5,0.5,0,0,3.1524114702235684,3.8810181553817653
0.5,0.5,0,0,3.13496181198409,3.895127011716233
0.5,0.5,0,0,3.1174490092936677,3.909157412340149
0.5,0.5,0,0,3.099873414895453,3.9231090746529595
0.5,0.5,0,0,3.0822353827973497,3.9369817176400597
0.5,0.5,0,0,3.064535268264883,3.9507750618784514
0.5,0.5,0,0,3.046773427814041,3.964488829542376
0.5,0.5,0,0,3.0289502192040993,3.978122744408905
0.5,0.5,0,0,3.0110660014304114,3.991676531863507
0.5,0.5,0,0,2.993121134717176,4.005149918905579
0.5,0.5,0,0,2.9751159805101857,4.018542634153944
0.5,0.5,0,0,2.957050901469545,4.031854407852316
0.5,0.5,0,0,2.938926261462366,4.045084971874737
0.5,0.5,0,0,2.920742425555435,4.058234059730975
0.5,0.5,0,0,2.902499760007867,4.071301406571893
0.5,0.5,0,0,2.8841986322637236,4.0842867491947805
0.5,0.5,0,0,2.865839410944612,4.097189826048659
0.5,0.5,0,0,2.84742246584226,4.110010377239549
0.5,0.5,0,0,2.828948167911073,4.122748144535703
0.5,0.5,0,0,2.8104168892606536,4.135402871372809
0.5,0.5,0,0,2.7918290031483126,4.147974302859155
0.5,0.5,0,0,2.77318488397155,4.16046218578077
0.5,0.5,0,0,2.754484907260512,4.172866268606513
0.5,0.5,0,0,2.73572944967043,4.185186301493152
0.5,0.5,0,0,2.7169188889740283,4.197422036290386
0.5,0.5,0,0,2.6980536040539227,4.209573226545849
0.5,0.5,0,0,2.6791339748949827,4.221639627510076
0.5,0.5,0,0,2.6601603825766826,4.23362099614142
0.5,0.5,0,0,2.6411332092654223,4.245517091110967
0.5,0.5,0,0,2.6220528382068284,4.2573276728073814
0.5,0.5,0,0,2.6029196537180432,4.269052503341736
0.5,0.5,0,0,2.5837340411799725,4.280691346552307
0.5,0.5,0,0,2.5644963870295308,4.2922439680093305
0.5,0.5,0,0,2.545207078751856,4.303710135019719
0.5,0.5,0,0,2.525866504872505,4.315089616631751
0.5,0.5,0,0,2.5064750549496253,4.326382183639729
0.5,0.5,0,0,2.48703311956611,4.337587608588588
0.5,0.5,0,0,2.4675410903217347,4.348705665778477
0.5,0.5,0,0,2.4479993598252623,4.359736131269312
0.5,0.5,0,0,2.4284083216865415,4.37067878288528
0.5,0.5,0,0,2.4087683705085765,4.381533400219318
0.5,0.5,0,0,2.389079901879578,4.392299764637549
0.5,0.5,0,0,2.3693433123649936,4.40297765928369
0.5,0.5,0,0,2.3495589994995267,4.413566869083415
0.5,0.5,0,0,2.329727361779124,4.4240671807486915
0.5,0.5,0,0,2.3098487986529497,4.434478382782075
0.5,0.5,0,0,2.2899237105153376,4.444800265480967
0.5,0.5,0,0,2.269952498697734,4.455032620941839
0.5,0.5,0,0,2.249935565460606,4.465175243064427
0.5,0.5,0,0,2.2298733139853426,4.475227927555872
0.5,0.5,0,0,2.209766148366134,4.4851904719348425
0.5,0.5,0,0,2.189614473601832,4.495062675535611
0.5,0.5,0,0,2.1694186955877908,4.504844339512096
0.5,0.5,0,0,2.1491792211076945,4.514535266841862
0.5,0.5,0,0,2.1288964578253635,4.524135262330098
0.5,0.5,0,0,2.108570814276538,4.53364413261354
0.5,0.5,0,0,2.0882026998606555,4.543061686164372
0.5,0.5,0,0,2.0677925248326035,4.552387733294079
0.5,0.5,0,0,2.0473407002944533,4.561622086157271
0.5,0.5,0,0,2.0268476381871805,4.5707645587554655
0.5,0.5,0,0,2.0063137512823714,4.579814966940833
0.5,0.5,0,0,1.9857394531739039,4.588773128419906
0.5,0.5,0,0,1.9651251582696183,4.597638862757253
0.5,0.5,0,0,1.9444712817829743,4.606411991379113
0.5,0.5,0,0,1.92377823972468,4.615092337576987
0.5,0.5,0,0,1.9030464488943215,4.623679726511202
0.5,0.5,0,0,1.8822763268719598,4.632173985214437
0.5,0.5,0,0,1.861468292009726,4.640574942595195
0.5,0.5,0,0,1.8406227634233905,4.648882429441256
0.5,0.5,0,0,1.819740160983922,4.657096278423092
0.5,0.5,0,0,1.7988209053090352,4.66521632409722
0.5,0.5,0,0,1.777865417754711,4.673242402909555
0.5,0.5,0,0,1.7568741204067138,4.681174353198686
0.5,0.5,0,0,1.7358474360720928,4.689012015199144
0.5,0.5,0,0,1.7147857882706576,4.696755231044618
0.5,0.5,0,0,1.6936896012264575,4.704403844771127
0.5,0.5,0,0,1.6725592998592267,4.711957702320174
0.5,0.5,0,0,1.6513953097758358,4.719416651541838
0.5,0.5,0,0,1.6301980572617096,4.726780542197845
0.5,0.5,0,0,1.6089679692722476,4.734049225964591
0.5,0.5,0,0,1.5877054734242222,4.741222556436131
0.5,0.5,0,0,1.566410997987164,4.74830038912713
0.5,0.5,0,0,1.5450849718747373,4.755282581475767
0.5,0.5,0,0,1.5237278246361028,4.762168992846614
0.5,0.5,0,0,1.5023399864472606,4.76895948453346
0.5,0.5,0,0,1.4809218881023871,4.7756539197621155
0.5,0.5,0,0,1.4594739610051664,4.782252163693158
0.5,0.5,0,0,1.4379966371600865,4.788754083424652
0.5,0.5,0,0,1.4164903491637468,4.795159547994828
0.5,0.5,0,0,1.3949555301961465,4.801468428384715
0.5,0.5,0,0,1.3733926140119515,4.807680597520744
0.5,0.5,0,0,1.3518020349317643,4.813795930277305
0.5,0.5,0,0,1.3301842278333758,4.819814303479266
0.5,0.5,0,0,1.3085396281430008,4.82573559590446
0.5,0.5,0,0,1.286868671826512,4.83155968828612
0.5,0.5,0,0,1.2651717953806596,4.837286463315283
0.5,0.5,0,0,1.2434494358242736,4.842915805643155
0.5,0.5,0,0,1.2217020306894704,4.848447601883434
0.5,0.5,0,0,1.1999300180128292,4.853881740614591
0.5,0.5,0,0,1.1781338363265799,4.859218112382116
0.5,0.5,0,0,1.1563139246497613,4.864456609700724
0.5,0.5,0,0,1.1344707224793822,4.86959712705652
0.5,0.5,0,0,1.1126046697815721,4.874639560909118
0.5,0.5,0,0,1.0907162069827134,4.879583809693736
0.5,0.5,0,0,1.0688057749605724,4.884429773823238
0.5,0.5,0,0,1.046873815035423,4.889177355690134
0.5,0.5,0,0,1.0249207689611526,4.893826459668556
0.5,0.5,0,0,1.0029470789163641,4.898376992116178
0.5,0.5,0,0,0.9809531874954756,4.9028288613761
0.5,0.5,0,0,0.9589395376998002,4.907181977778702
0.5,0.5,0,0,0.9369065729286237,4.911436253643443
0.5,0.5,0,0,0.9148547369702732,4.915591603280632
0.5,0.5,0,0,0.8927844739931835,4.919647942993148
0.5,0.5,0,0,0.8706962285369434,4.923605191078134
0.5,0.5,0,0,0.8485904455033448,4.927463267828633
0.5,0.5,0,0,0.8264675701474254,4.931222095535205
0.5,0.5,0,0,0.8043280480684931,4.934881598487478
0.5,0.5,0,0,0.7821723252011547,4.938441702975689
0.5,0.5,0,0,0.7600008478063353,4.941902337292154
0.5,0.5,0,0,0.7378140624622884,4.945263431732721
0.5,0.5,0,0,0.7156124160555979,4.948524918598174
0.5,0.5,0,0,0.6933963557721798,4.951686732195592
0.5,0.5,0,0,0.6711663290882777,4.954748808839674
0.5,0.5,0,0,0.6489227837614433,4.957711086854023
0.5,0.5,0,0,0.6266661678215213,4.9605735065723895
0.5,0.5,0,0,0.6043969295616279,4.963336010339868
0.5,0.5,0,0,0.5821155175291153,4.965998542514064
0.5,0.5,0,0,0.5598223805165395,4.968561049466213
0.5,0.5,0,0,0.5375179675526253,4.971023479582258
0.5,0.5,0,0,0.5152027278932126,4.9733857832638915
0.5,0.5,0,0,0.4928771110122181,4.975647912929556
0.5,0.5,0,0,0.4705415665925714,4.9778098230154
0.5,0.5,0,0,0.44819654451716884,4.979871469976195
0.5,0.5,0,0,0.42584249485979797,4.981832812286216
0.5,0.5,0,0,0.4034798678760865,4.983693810440073
0.5,0.5,0,0,0.3811091139944259,4.985454426953513
0.5,0.5,0,0,0.35873068380689627,4.98711462636417
0.5,0.5,0,0,0.3363450280601986,4.98867437523228
0.5,0.5,0,0,0.3139525976465665,4.990133642141358
0.5,0.5,0,0,0.2915538435946949,4.991492397698824
0.5,0.5,0,0,0.26914921706064154,4.992750614536605
0.5,0.5,0,0,0.24673916931875564,4.993908267311674
0.5,0.5,0,0,0.22432415175257492,4.994965332706573
0.5,0.5,0,0,0.20190461584574387,4.995921789429873
0.5,0.5,0,0,0.17948101317291099,4.996777618216607
0.5,0.5,0,0,0.15705379539064088,4.997532801828658
0.5,0.5,0,0,0.13462341422831503,4.998187325055106
0.5,0.5,0,0,0.112190321479025,4.998741174712532
0.5,0.5,0,0,0.08975496899048695,4.999194339645291
0.5,0.5,0,0,0.06731780865592724,4.999546810725724
0.5,0.5,0,0,0.04487929240499029,4.999798580854355
0.5,0.5,0,0,0.022439872194627015,4.999949644960026
0.5,0.5,0,0,1.4163847244119948e-15,5.0
0.5,0.5,0,0,-0.022439872194626405,4.999949644960026
0.5,0.5,0,0,-0.04487929240498857,4.999798580854355
0.5,0.5,0,0,-0.06731780865592661,4.999546810725724
0.5,0.5,0,0,-0.08975496899048634,4.999194339645291
0.5,0.5,0,0,-0.11219032147902437,4.998741174712532
0.5,0.5,0,0,-0.13462341422831442,4.998187325055106
0.5,0.5,0,0,-0.1570537953906403,4.997532801828658
0.5,0.5,0,0,-0.17948101317291146,4.996777618216607
0.5,0.5,0,0,-0.20190461584574215,4.995921789429873
0.5,0.5,0,0,-0.2243241517525743,4.994965332706574
0.5,0.5,0,0,-0.2467391693187539,4.993908267311674
0.5,0.5,0,0,-0.2691492170606409,4.992750614536605
0.5,0.5,0,0,-0.2915538435946943,4.991492397698824
0.5,0.5,0,0,-0.313952597646567,4.990133642141358
0.5,0.5,0,0,-0.33634502806019906,4.98867437523228
0.5,0.5,0,0,-0.35873068380689566,4.98711462636417
0.5,0.5,0,0,-0.38110911399442526,4.985454426953513
0.5,0.5,0,0,-0.4034798678760859,4.983693810440073
0.5,0.5,0,0,-0.4258424948597973,4.981832812286216
0.5,0.5,0,0,-0.44819654451716606,4.979871469976195
0.5,0.5,0,0,-0.4705415665925719,4.9778098230154
0.5,0.5,0,0,-0.49287711101221643,4.975647912929556
0.5,0.5,0,0,-0.5152027278932121,4.9733857832638915
0.5,0.5,0,0,-0.5375179675526247,4.971023479582258
0.5,0.5,0,0,-0.559822380516539,4.968561049466213
0.5,0.5,0,0,-0.5821155175291146,4.965998542514065
0.5,0.5,0,0,-0.6043969295616274,4.963336010339868
0.5,0.5,0,0,-0.6266661678215218,4.960573506572389
0.5,0.5,0,0,-0.6489227837614415,4.957711086854023
0.5,0.5,0,0,-0.671166329088277,4.954748808839674
0.5,0.5,0,0,-0.6933963557721792,4.951686732195592
0.5,0.5,0,0,-0.7156124160555972,4.948524918598174
0.5,0.5,0,0,-0.7378140624622876,4.945263431732721
0.5,0.5,0,0,-0.7600008478063358,4.941902337292154
0.5,0.5,0,0,-0.7821723252011552,4.938441702975688
0.5,0.5,0,0,-0.8043280480684913,4.934881598487478
0.5,0.5,0,0,-0.8264675701474247,4.931222095535205
0.5,0.5,0,0,-0.8485904455033443,4.927463267828633
0.5,0.5,0,0,-0.8706962285369428,4.923605191078134
0.5,0.5,0,0,-0.8927844739931828,4.919647942993148
0.5,0.5,0,0,-0.9148547369702736,4.915591603280632
0.5,0.5,0,0,-0.9369065729286219,4.911436253643443
0.5,0.5,0,0,-0.9589395376997998,4.907181977778702
0.5,0.5,0,0,-0.9809531874954749,4.9028288613761
0.5,0.5,0,0,-1.0029470789163635,4.898376992116178
0.5,0.5,0,0,-1.024920768961152,4.893826459668557
0.5,0.5,0,0,-1.0468738150354227,4.889177355690134
0.5,0.5,0,0,-1.0688057749605728,4.884429773823238
0.5,0.5,0,0,-1.0907162069827117,4.879583809693737
0.5,0.5,0,0,-1.1126046697815717,4.874639560909118
0.5,0.5,0,0,-1.1344707224793817,4.86959712705652
0.5,0.5,0,0,-1.1563139246497607,4.864456609700724
0.5,0.5,0,0,-1.1781338363265792,4.859218112382116
0.5,0.5,0,0,-1.1999300180128296,4.85388174061459
0.5,0.5,0,0,-1.2217020306894686,4.848447601883434
0.5,0.5,0,0,-1.2434494358242731,4.842915805643156
0.5,0.5,0,0,-1.2651717953806592,4.837286463315283
0.5,0.5,0,0,-1.2868686718265112,4.83155968828612
0.5,0.5,0,0,-1.3085396281430004,4.825735595904461
0.5,0.5,0,0,-1.3301842278333753,4.819814303479267
0.5,0.5,0,0,-1.351802034931765,4.813795930277304
0.5,0.5,0,0,-1.37339261401195,4.807680597520744
0.5,0.5,0,0,-1.3949555301961458,4.801468428384715
0.5,0.5,0,0,-1.4164903491637462,4.795159547994828
0.5,0.5,0,0,-1.437996637160086,4.788754083424653
0.5,0.5,0,0,-1.4594739610051668,4.782252163693157
0.5,0.5,0,0,-1.4809218881023876,4.7756539197621155
0.5,0.5,0,0,-1.5023399864472597,4.76895948453346
0.5,0.5,0,0,-1.523727824636101,4.762168992846615
0.5,0.5,0,0,-1.5450849718747368,4.755282581475768
0.5,0.5,0,0,-1.5664109979871623,4.748300389127131
0.5,0.5,0,0,-1.5877054734242215,4.741222556436131
0.5,0.5,0,0,-1.608967969272247,4.734049225964591
0.5,0.5,0,0,-1.6301980572617092,4.726780542197845
0.5,0.5,0,0,-1.651395309775834,4.719416651541838
0.5,0.5,0,0,-1.6725592998592262,4.711957702320174
0.5,0.5,0,0,-1.6936896012264577,4.704403844771127
0.5,0.5,0,0,-1.7147857882706568,4.696755231044618
0.5,0.5,0,0,-1.7358474360720921,4.689012015199145
0.5,0.5,0,0,-1.756874120406713,4.681174353198686
0.5,0.5,0,0,-1.7778654177547104,4.673242402909555
0.5,0.5,0,0,-1.7988209053090334,4.665216324097221
0.5,0.5,0,0,-1.8197401609839214,4.657096278423092
0.5,0.5,0,0,-1.8406227634233887,4.648882429441257
0.5,0.5,0,0,-1.8614682920097256,4.640574942595195
0.5,0.5,0,0,-1.8822763268719591,4.632173985214438
0.5,0.5,0,0,-1.903046448894321,4.623679726511202
0.5,0.5,0,0,-1.9237782397246805,4.615092337576986
0.5,0.5,0,0,-1.9444712817829726,4.606411991379113
0.5,0.5,0,0,-1.9651251582696188,4.597638862757253
0.5,0.5,0,0,-1.9857394531739023,4.5887731284199065
0.5,0.5,0,0,-2.006313751282371,4.579814966940833
0.5,0.5,0,0,-2.0268476381871796,4.570764558755466
0.5,0.5,0,0,-2.047340700294453,4.561622086157272
0.5,0.5,0,0,-2.067792524832602,4.55238773329408
0.5,0.5,0,0,-2.0882026998606547,4.543061686164372
0.5,0.5,0,0,-2.1085708142765363,4.53364413261354
0.5,0.5,0,0,-2.1288964578253635,4.524135262330097
0.5,0.5,0,0,-2.149179221107695,4.514535266841862
0.5,0.5,0,0,-2.1694186955877903,4.504844339512096
0.5,0.5,0,0,-2.1896144736018304,4.495062675535612
0.5,0.5,0,0,-2.209766148366133,4.485190471934844
0.5,0.5,0,0,-2.2298733139853426,4.475227927555872
0.5,0.5,0,0,-2.2499355654606057,4.465175243064427
0.5,0.5,0,0,-2.2699524986977333,4.455032620941839
0.5,0.5,0,0,-2.289923710515337,4.444800265480967
0.5,0.5,0,0,-2.309848798652948,4.434478382782076
0.5,0.5,0,0,-2.3297273617791228,4.424067180748693
0.5,0.5,0,0,-2.349558999499527,4.413566869083415
0.5,0.5,0,0,-2.3693433123649927,4.40297765928369
0.5,0.5,0,0,-2.3890799018795765,4.392299764637549
0.5,0.5,0,0,-2.408768370508577,4.381533400219317
0.5,0.5,0,0,-2.42840832168654,4.370678782885281
0.5,0.5,0,0,-2.4479993598252623,4.359736131269312
0.5,0.5,0,0,-2.467541090321734,4.3487056657784775
0.5,0.5,0,0,-2.4870331195661093,4.337587608588588
0.5,0.5,0,0,-2.506475054949624,4.326382183639731
0.5,0.5,0,0,-2.5258665048725053,4.3150896166317505
0.5,0.5,0,0,-2.5452070787518544,4.3037101350197196
0.5,0.5,0,0,-2.5644963870295303,4.292243968009331
0.5,0.5,0,0,-2.583734041179973,4.280691346552307
0.5,0.5,0,0,-2.6029196537180415,4.269052503341737
0.5,0.5,0,0,-2.6220528382068293,4.2573276728073814
0.5,0.5,0,0,-2.641133209265422,4.245517091110968
0.5,0.5,0,0,-2.660160382576682,4.233620996141421
0.5,0.5,0,0,-2.6791339748949823,4.221639627510076
0.5,0.5,0,0,-2.698053604053923,4.209573226545849
0.5,0.5,0,0,-2.716918888974027,4.197422036290387
0.5,0.5,0,0,-2.73572944967043,4.185186301493152
0.5,0.5,0,0,-2.754484907260512,4.172866268606513
0.5,0.5,0,0,-2.7731848839715494,4.16046218578077
0.5,0.5,0,0,-2.7918290031483135,4.147974302859155
0.5,0.5,0,0,-2.810416889260652,4.13540287137281
0.5,0.5,0,0,-2.828948167911072,4.122748144535703
0.5,0.5,0,0,-2.8474224658422598,4.11001037723955
0.5,0.5,0,0,-2.8658394109446106,4.09718982604866
0.5,0.5,0,0,-2.8841986322637228,4.084286749194781
0.5,0.5,0,0,-2.902499760007868,4.071301406571893
0.5,0.5,0,0,-2.9207424255554333,4.058234059730977
0.5,0.5,0,0,-2.938926261462365,4.045084971874737
0.5,0.5,0,0,-2.9570509014695467,4.031854407852315
0.5,0.5,0,0,-2.9751159805101848,4.0185426341539445
0.5,0.5,0,0,-2.993121134717176,4.005149918905579
0.5,0.5,0,0,-3.011066001430411,3.991676531863507
0.5,0.5,0,0,-3.028950219204099,3.978122744408905
0.5,0.5,0,0,-3.04677342781404,3.964488829542377
0.5,0.5,0,0,-3.064535268264883,3.9507750618784514
0.5,0.5,0,0,-3.0822353827973488,3.9369817176400606
0.5,0.5,0,0,-3.099873414895453,3.9231090746529595
0.5,0.5,0,0,-3.1174490092936673,3.9091574123401496
0.5,0.5,0,0,-3.1349618119840894,3.8951270117162333
0.5,0.5,0,0,-3.1524114702235693,3.8810181553817644
0.5,0.5,0,0,-3.169797632540808,3.8668311275175555
0.5,0.5,0,0,-3.1871199487434487,3.852566213878946
0.5,0.5,0,0,-3.2043780699251205,3.838223701790056
0.5,0.5,0,0,-3.2215716484724712,3.8238038801379926
0.5,0.5,0,0,-3.2387003380721664,3.8093070393670336
0.5,0.5,0,0,-3.255763793717868,3.7947334714727776
0.5,0.5,0,0,-3.2727616717171766,3.7800834699962635
0.5,0.5,0,0,-3.289693629698563,3.765357330018055
0.5,0.5,0,0,-3.3065593266182587,3.7505553481522984
0.5,0.5,0,0,-3.323358422767127,3.7356778225407488
0.5,0.5,0,0,-3.3400905797775065,3.7207250528467646
0.5,0.5,0,0,-3.35675546063002,3.7056973402492743
0.5,0.5,0,0,-3.373352729660372,3.6905949874367034
0.5,0.5,0,0,-3.3898820525661035,3.675418298600884
0.5,0.5,0,0,-3.4063430964133317,3.660167579430925
0.5,0.5,0,0,-3.422735529643442,3.644843137107059
0.5,0.5,0,0,-3.4390590220797894,3.6294452802944424
0.5,0.5,0,0,-3.4553132449343233,3.6139743191369575
0.5,0.5,0,0,-3.471497870814228,3.5984305652509514
0.5,0.5,0,0,-3.487612573728511,3.582814331718962
0.5,0.5,0,0,-3.5036570290945694,3.567125933083414
0.5,0.5,0,0,-3.5196309137447246,3.5513656853402855
0.5,0.5,0,0,-3.5355339059327373,3.5355339059327378
0.5,0.5,0,0,-3.5513656853402846,3.519630913744725
0.5,0.5,0,0,-3.5671259330834126,3.5036570290945708
0.5,0.5,0,0,-3.5828143317189616,3.4876125737285117
0.5,0.5,0,0,-3.5984305652509505,3.4714978708142286
0.5,0.5,0,0,-3.613974319136957,3.455313244934324
0.5,0.5,0,0,-3.6294452802944415,3.43905902207979
0.5,0.5,0,0,-3.6448431371070567,3.422735529643444
0.5,0.5,0,0,-3.6601675794309245,3.406343096413332
0.5,0.5,0,0,-3.6754182986008836,3.3898820525661044
0.5,0.5,0,0,-3.690594987436703,3.3733527296603723
0.5,0.5,0,0,-3.705697340249273,3.3567554606300205
0.5,0.5,0,0,-3.7207250528467655,3.3400905797775056
0.5,0.5,0,0,-3.7356778225407474,3.3233584227671296
0.5,0.5,0,0,-3.750555348152298,3.306559326618259
0.5,0.5,0,0,-3.7653573300180545,3.2896936296985633
0.5,0.5,0,0,-3.780083469996263,3.272761671717177
0.5,0.5,0,0,-3.794733471472777,3.2557637937178683
0.5,0.5,0,0,-3.809307039367033,3.238700338072167
0.5,0.5,0,0,-3.823803880137992,3.2215716484724717
0.5,0.5,0,0,-3.8382237017900556,3.204378069925121
0.5,0.5,0,0,-3.8525662138789456,3.187119948743449
0.5,0.5,0,0,-3.866831127517555,3.169797632540809
0.5,0.5,0,0,-3.8810181553817653,3.1524114702235684
0.5,0.5,0,0,-3.895127011716233,3.13496181198409
0.5,0.5,0,0,-3.909157412340149,3.1174490092936677
0.5,0.5,0,0,-3.923109074652959,3.0998734148954536
0.5,0.5,0,0,-3.9369817176400588,3.082235382797351
0.5,0.5,0,0,-3.950775061878451,3.0645352682648843
0.5,0.5,0,0,-3.9644888295423764,3.0467734278140406
0.5,0.5,0,0,-3.9781227444089047,3.0289502192040993
0.5,0.5,0,0,-3.9916765318635066,3.0110660014304114
0.5,0.5,0,0,-4.00514991890558,2.9931211347171747
0.5,0.5,0,0,-4.018542634153943,2.9751159805101874
0.5,0.5,0,0,-4.031854407852316,2.957050901469546
0.5,0.5,0,0,-4.045084971874736,2.9389262614623664
0.5,0.5,0,0,-4.0582340597309745,2.920742425555436
0.5,0.5,0,0,-4.071301406571893,2.9024997600078684
0.5,0.5,0,0,-4.0842867491947805,2.884198632263723
0.5,0.5,0,0,-4.097189826048658,2.865839410944613
0.5,0.5,0,0,-4.110010377239549,2.84742246584226
0.5,0.5,0,0,-4.122748144535705,2.8289481679110713
0.5,0.5,0,0,-4.135402871372809,2.810416889260654
0.5,0.5,0,0,-4.147974302859156,2.791829003148312
0.5,0.5,0,0,-4.160462185780769,2.77318488397155
0.5,0.5,0,0,-4.172866268606513,2.754484907260513
0.5,0.5,0,0,-4.185186301493151,2.7357294496704303
0.5,0.5,0,0,-4.197422036290386,2.7169188889740274
0.5,0.5,0,0,-4.209573226545849,2.6980536040539245
0.5,0.5,0,0,-4.221639627510076,2.679133974894983
0.5,0.5,0,0,-4.23362099614142,2.6601603825766835
0.5,0.5,0,0,-4.245517091110967,2.6411332092654227
0.5,0.5,0,0,-4.2573276728073814,2.622052838206828
0.5,0.5,0,0,-4.269052503341737,2.602919653718043
0.5,0.5,0,0,-4.280691346552308,2.583734041179972
0.5,0.5,0,0,-4.2922439680093305,2.564496387029531
0.5,0.5,0,0,-4.303710135019718,2.545207078751857
0.5,0.5,0,0,-4.3150896166317505,2.5258665048725066
0.5,0.5,0,0,-4.32638218363973,2.5064750549496244
0.5,0.5,0,0,-4.337587608588588,2.48703311956611
0.5,0.5,0,0,-4.348705665778477,2.4675410903217347
0.5,0.5,0,0,-4.359736131269312,2.4479993598252627
0.5,0.5,0,0,-4.370678782885279,2.428408321686543
0.5,0.5,0,0,-4.381533400219318,2.408768370508576
0.5,0.5,0,0,-4.392299764637549,2.389079901879577
0.5,0.5,0,0,-4.40297765928369,2.3693433123649936
0.5,0.5,0,0,-4.413566869083415,2.349558999499528
0.5,0.5,0,0,-4.424067180748692,2.3297273617791237
0.5,0.5,0,0,-4.434478382782075,2.3098487986529506
0.5,0.5,0,0,-4.444800265480966,2.2899237105153376
0.5,0.5,0,0,-4.455032620941839,2.269952498697734
0.5,0.5,0,0,-4.465175243064427,2.2499355654606066
0.5,0.5,0,0,-4.4752279275558715,2.2298733139853435
0.5,0.5,0,0,-4.485190471934843,2.2097661483661337
0.5,0.5,0,0,-4.495062675535612,2.1896144736018313
0.5,0.5,0,0,-4.504844339512095,2.169418695587791
0.5,0.5,0,0,-4.514535266841861,2.149179221107696
0.5,0.5,0,0,-4.5241352623300966,2.1288964578253644
0.5,0.5,0,0,-4.53364413261354,2.108570814276537
0.5,0.5,0,0,-4.543061686164372,2.0882026998606555
0.5,0.5,0,0,-4.552387733294079,2.067792524832604
0.5,0.5,0,0,-4.561622086157271,2.0473407002944537
0.5,0.5,0,0,-4.5707645587554655,2.0268476381871814
0.5,0.5,0,0,-4.579814966940832,2.0063137512823728
0.5,0.5,0,0,-4.588773128419906,1.985739453173903
0.5,0.5,0,0,-4.597638862757253,1.9651251582696185
0.5,0.5,0,0,-4.606411991379112,1.9444712817829746
0.5,0.5,0,0,-4.615092337576987,1.9237782397246792
0.5,0.5,0,0,-4.623679726511202,1.903046448894323
0.5,0.5,0,0,-4.632173985214437,1.88227632687196
0.5,0.5,0,0,-4.640574942595194,1.8614682920097265
0.5,0.5,0,0,-4.648882429441256,1.8406227634233907
0.5,0.5,0,0,-4.657096278423091,1.8197401609839234
0.5,0.5,0,0,-4.665216324097221,1.7988209053090343
0.5,0.5,0,0,-4.673242402909555,1.7778654177547102
0.5,0.5,0,0,-4.681174353198686,1.756874120406714
0.5,0.5,0,0,-4.689012015199144,1.735847436072093
0.5,0.5,0,0,-4.696755231044617,1.7147857882706588
0.5,0.5,0,0,-4.704403844771127,1.6936896012264566
0.5,0.5,0,0,-4.7119577023201735,1.672559299859227
0.5,0.5,0,0,-4.719416651541838,1.651395309775836
0.5,0.5,0,0,-4.726780542197845,1.6301980572617103
0.5,0.5,0,0,-4.73404922596459,1.6089679692722485
0.5,0.5,0,0,-4.741222556436131,1.5877054734242235
0.5,0.5,0,0,-4.74830038912713,1.5664109979871634
0.5,0.5,0,0,-4.755282581475767,1.5450849718747375
0.5,0.5,0,0,-4.762168992846614,1.523727824636103
0.5,0.5,0,0,-4.76895948453346,1.5023399864472586
0.5,0.5,0,0,-4.7756539197621155,1.4809218881023893
0.5,0.5,0,0,-4.782252163693157,1.4594739610051666
0.5,0.5,0,0,-4.788754083424652,1.437996637160087
0.5,0.5,0,0,-4.795159547994828,1.4164903491637482
0.5,0.5,0,0,-4.801468428384715,1.3949555301961478
0.5,0.5,0,0,-4.807680597520744,1.373392614011951
0.5,0.5,0,0,-4.813795930277304,1.351802034931767
0.5,0.5,0,0,-4.819814303479266,1.3301842278333762
0.5,0.5,0,0,-4.825735595904461,1.3085396281429993
0.5,0.5,0,0,-4.831559688286119,1.2868686718265132
0.5,0.5,0,0,-4.837286463315284,1.2651717953806587
0.5,0.5,0,0,-4.842915805643155,1.243449435824274
0.5,0.5,0,0,-4.848447601883434,1.2217020306894708
0.5,0.5,0,0,-4.85388174061459,1.1999300180128305
0.5,0.5,0,0,-4.859218112382116,1.178133836326579
0.5,0.5,0,0,-4.864456609700724,1.1563139246497627
0.5,0.5,0,0,-4.86959712705652,1.1344707224793824
0.5,0.5,0,0,-4.874639560909118,1.1126046697815726
0.5,0.5,0,0,-4.879583809693736,1.0907162069827139
0.5,0.5,0,0,-4.884429773823237,1.0688057749605737
0.5,0.5,0,0,-4.889177355690134,1.0468738150354224
0.5,0.5,0,0,-4.893826459668557,1.0249207689611517
0.5,0.5,0,0,-4.8983769921161775,1.0029470789163644
0.5,0.5,0,0,-4.9028288613761,0.9809531874954769
0.5,0.5,0,0,-4.907181977778702,0.9589395376997994
0.5,0.5,0,0,-4.911436253643443,0.9369065729286229
0.5,0.5,0,0,-4.915591603280632,0.9148547369702735
0.5,0.5,0,0,-4.919647942993148,0.8927844739931861
0.5,0.5,0,0,-4.923605191078134,0.8706962285369414
0.5,0.5,0,0,-4.927463267828633,0.8485904455033462
0.5,0.5,0,0,-4.931222095535204,0.8264675701474268
0.5,0.5,0,0,-4.934881598487478,0.8043280480684923
0.5,0.5,0,0,-4.938441702975688,0.7821723252011549
0.5,0.5,0,0,-4.941902337292153,0.7600008478063367
0.5,0.5,0,0,-4.945263431732721,0.7378140624622898
0.5,0.5,0,0,-4.948524918598174,0.7156124160555971
0.5,0.5,0,0,-4.951686732195592,0.6933963557721801
0.5,0.5,0,0,-4.954748808839674,0.671166329088278
0.5,0.5,0,0,-4.957711086854023,0.6489227837614436
0.5,0.5,0,0,-4.9605735065723895,0.6266661678215204
0.5,0.5,0,0,-4.963336010339868,0.6043969295616272
0.5,0.5,0,0,-4.965998542514064,0.5821155175291166
0.5,0.5,0,0,-4.968561049466213,0.5598223805165377
0.5,0.5,0,0,-4.971023479582257,0.5375179675526256
0.5,0.5,0,0,-4.9733857832638915,0.5152027278932141
0.5,0.5,0,0,-4.975647912929556,0.49287711101221954
0.5,0.5,0,0,-4.9778098230154,0.47054156659257174
0.5,0.5,0,0,-4.979871469976195,0.4481965445171681
0.5,0.5,0,0,-4.981832812286216,0.4258424948597983
0.5,0.5,0,0,-4.983693810440073,0.4034798678760879
0.5,0.5,0,0,-4.985454426953513,0.3811091139944251
0.5,0.5,0,0,-4.98711462636417,0.3587306838068966
0.5,0.5,0,0,-4.98867437523228,0.33634502806019884
0.5,0.5,0,0,-4.990133642141358,0.3139525976465657
0.5,0.5,0,0,-4.991492397698824,0.291553843594693
0.5,0.5,0,0,-4.992750614536605,0.26914921706064293
0.5,0.5,0,0,-4.993908267311674,0.24673916931875703
0.5,0.5,0,0,-4.994965332706573,0.22432415175257525
0.5,0.5,0,0,-4.995921789429873,0.20190461584574415
0.5,0.5,0,0,-4.996777618216607,0.17948101317291237
0.5,0.5,0,0,-4.997532801828658,0.1570537953906434
0.5,0.5,0,0,-4.998187325055106,0.13462341422831423
0.5,0.5,0,0,-4.998741174712532,0.11219032147902529
0.5,0.5,0,0,-4.999194339645291,0.08975496899048725
0.5,0.5,0,0,-4.999546810725724,0.06731780865592643
0.5,0.5,0,0,-4.999798580854355,0.04487929240498949
0.5,0.5,0,0,-4.999949644960026,0.022439872194627324
0.5,0.5,0,0,-5.0,2.8327694488239896e-15
0.5,0.5,0,0,-4.999949644960026,-0.022439872194628323
0.5,0.5,0,0,-4.999798580854355,-0.044879292404988266
0.5,0.5,0,0,-4.999546810725724,-0.0673178086559252
0.5,0.5,0,0,-4.999194339645291,-0.0897549689904838
0.5,0.5,0,0,-4.998741174712532,-0.11219032147902408
0.5,0.5,0,0,-4.998187325055106,-0.134623414228313
0.5,0.5,0,0,-4.997532801828658,-0.15705379539063996
0.5,0.5,0,0,-4.996777618216607,-0.17948101317291115
0.5,0.5,0,0,-4.995921789429873,-0.20190461584574296
0.5,0.5,0,0,-4.994965332706574,-0.224324151752574
0.5,0.5,0,0,-4.993908267311674,-0.2467391693187536
0.5,0.5,0,0,-4.992750614536605,-0.2691492170606417
0.5,0.5,0,0,-4.991492397698824,-0.291553843594694
0.5,0.5,0,0,-4.990133642141358,-0.3139525976465645
0.5,0.5,0,0,-4.98867437523228,-0.33634502806019984
0.5,0.5,0,0,-4.98711462636417,-0.3587306838068976
0.5,0.5,0,0,-4.985454426953513,-0.3811091139944239
0.5,0.5,0,0,-4.983693810440074,-0.4034798678760845
0.5,0.5,0,0,-4.981832812286216,-0.4258424948597971
0.5,0.5,0,0,-4.979871469976195,-0.44819654451716684
0.5,0.5,0,0,-4.9778098230154,-0.4705415665925705
0.5,0.5,0,0,-4.975647912929556,-0.49287711101221604
0.5,0.5,0,0,-4.9733857832638915,-0.5152027278932129
0.5,0.5,0,0,-4.971023479582258,-0.5375179675526244
0.5,0.5,0,0,-4.968561049466213,-0.5598223805165387
0.5,0.5,0,0,-4.965998542514064,-0.5821155175291155
0.5,0.5,0,0,-4.963336010339868,-0.6043969295616282
0.5,0.5,0,0,-4.9605735065723895,-0.6266661678215214
0.5,0.5,0,0,-4.957711086854023,-0.6489227837614402
0.5,0.5,0,0,-4.954748808839674,-0.671166329088279
0.5,0.5,0,0,-4.951686732195592,-0.693396355772179
0.5,0.5,0,0,-4.948524918598175,-0.7156124160555959
0.5,0.5,0,0,-4.945263431732722,-0.7378140624622863
0.5,0.5,0,0,-4.941902337292154,-0.7600008478063354
0.5,0.5,0,0,-4.938441702975689,-0.7821723252011537
0.5,0.5,0,0,-4.934881598487478,-0.8043280480684911
0.5,0.5,0,0,-4.931222095535205,-0.8264675701474256
0.5,0.5,0,0,-4.927463267828633,-0.8485904455033451
0.5,0.5,0,0,-4.923605191078134,-0.8706962285369425
0.5,0.5,0,0,-4.919647942993149,-0.8927844739931805
0.5,0.5,0,0,-4.915591603280632,-0.9148547369702744
0.5,0.5,0,0,-4.911436253643443,-0.9369065729286239
0.5,0.5,0,0,-4.907181977778702,-0.9589395376997983
0.5,0.5,0,0,-4.902828861376101,-0.9809531874954736
0.5,0.5,0,0,-4.898376992116178,-1.0029470789163633
0.5,0.5,0,0,-4.893826459668557,-1.0249207689611504
0.5,0.5,0,0,-4.889177355690135,-1.046873815035421
0.5,0.5,0,0,-4.884429773823238,-1.0688057749605726
0.5,0.5,0,0,-4.879583809693737,-1.0907162069827125
0.5,0.5,0,0,-4.874639560909118,-1.1126046697815715
0.5,0.5,0,0,-4.86959712705652,-1.1344707224793813
0.5,0.5,0,0,-4.864456609700724,-1.1563139246497613
0.5,0.5,0,0,-4.859218112382116,-1.17813383632658
0.5,0.5,0,0,-4.85388174061459,-1.1999300180128294
0.5,0.5,0,0,-4.848447601883435,-1.2217020306894675
0.5,0.5,0,0,-4.842915805643155,-1.2434494358242751
0.5,0.5,0,0,-4.837286463315284,-1.2651717953806576
0.5,0.5,0,0,-4.831559688286121,-1.2868686718265099
0.5,0.5,0,0,-4.825735595904461,-1.308539628143
0.5,0.5,0,0,-4.819814303479267,-1.330184227833375
0.5,0.5,0,0,-4.813795930277305,-1.3518020349317637
0.5,0.5,0,0,-4.807680597520745,-1.3733926140119497
0.5,0.5,0,0,-4.801468428384715,-1.3949555301961465
0.5,0.5,0,0,-4.795159547994828,-1.416490349163747
0.5,0.5,0,0,-4.788754083424653,-1.4379966371600856
0.5,0.5,0,0,-4.782252163693158,-1.4594739610051655
0.5,0.5,0,0,-4.7756539197621155,-1.4809218881023885
0.5,0.5,0,0,-4.76895948453346,-1.5023399864472595
0.5,0.5,0,0,-4.762168992846615,-1.5237278246360997
0.5,0.5,0,0,-4.755282581475767,-1.5450849718747386
0.5,0.5,0,0,-4.748300389127131,-1.566410997987162
0.5,0.5,0,0,-4.741222556436132,-1.5877054734242202
0.5,0.5,0,0,-4.734049225964591,-1.6089679692722456
0.5,0.5,0,0,-4.726780542197845,-1.630198057261709
0.5,0.5,0,0,-4.719416651541838,-1.6513953097758347
0.5,0.5,0,0,-4.711957702320174,-1.672559299859226
0.5,0.5,0,0,-4.704403844771128,-1.6936896012264555
0.5,0.5,0,0,-4.696755231044618,-1.7147857882706576
0.5,0.5,0,0,-4.689012015199145,-1.735847436072092
0.5,0.5,0,0,-4.681174353198686,-1.7568741204067129
0.5,0.5,0,0,-4.673242402909555,-1.777865417754711
0.5,0.5,0,0,-4.66521632409722,-1.7988209053090352
0.5,0.5,0,0,-4.657096278423093,-1.81974016098392
0.5,0.5,0,0,-4.648882429441258,-1.8406227634233874
0.5,0.5,0,0,-4.640574942595194,-1.8614682920097272
0.5,0.5,0,0,-4.632173985214438,-1.882276326871959
0.5,0.5,0,0,-4.623679726511203,-1.90304644889432
0.5,0.5,0,0,-4.6150923375769874,-1.923778239724678
0.5,0.5,0,0,-4.606411991379113,-1.9444712817829735
0.5,0.5,0,0,-4.597638862757253,-1.9651251582696174
0.5,0.5,0,0,-4.5887731284199065,-1.985739453173902
0.5,0.5,0,0,-4.579814966940832,-2.0063137512823714
0.5,0.5,0,0,-4.5707645587554655,-2.0268476381871805
0.5,0.5,0,0,-4.561622086157272,-2.0473407002944524
0.5,0.5,0,0,-4.552387733294081,-2.067792524832601
0.5,0.5,0,0,-4.543061686164372,-2.0882026998606564
0.5,0.5,0,0,-4.53364413261354,-2.1085708142765385
0.5,0.5,0,0,-4.524135262330098,-2.1288964578253613
0.5,0.5,0,0,-4.514535266841863,-2.1491792211076928
0.5,0.5,0,0,-4.504844339512096,-2.16941869558779
0.5,0.5,0,0,-4.495062675535612,-2.1896144736018304
0.5,0.5,0,0,-4.485190471934844,-2.2097661483661324
0.5,0.5,0,0,-4.475227927555872,-2.2298733139853426
0.5,0.5,0,0,-4.465175243064427,-2.2499355654606052
0.5,0.5,0,0,-4.455032620941839,-2.2699524986977333
0.5,0.5,0,0,-4.444800265480967,-2.2899237105153367
0.5,0.5,0,0,-4.434478382782075,-2.3098487986529497
0.5,0.5,0,0,-4.4240671807486915,-2.3297273617791245
0.5,0.5,0,0,-4.413566869083416,-2.349558999499525
0.5,0.5,0,0,-4.402977659283691,-2.3693433123649905
0.5,0.5,0,0,-4.392299764637549,-2.389079901879578
0.5,0.5,0,0,-4.381533400219318,-2.408768370508575
0.5,0.5,0,0,-4.370678782885281,-2.4284083216865398
0.5,0.5,0,0,-4.359736131269313,-2.447999359825262
0.5,0.5,0,0,-4.3487056657784775,-2.467541090321734
0.5,0.5,0,0,-4.3375876085885885,-2.4870331195661093
0.5,0.5,0,0,-4.326382183639731,-2.5064750549496235
0.5,0.5,0,0,-4.315089616631751,-2.5258665048725053
0.5,0.5,0,0,-4.303710135019719,-2.545207078751856
0.5,0.5,0,0,-4.292243968009331,-2.5644963870295303
0.5,0.5,0,0,-4.2806913465523095,-2.5837340411799694
0.5,0.5,0,0,-4.269052503341736,-2.6029196537180432
0.5,0.5,0,0,-4.2573276728073814,-2.6220528382068284
0.5,0.5,0,0,-4.245517091110969,-2.641133209265419
0.5,0.5,0,0,-4.23362099614142,-2.660160382576684
0.5,0.5,0,0,-4.221639627510076,-2.6791339748949823
0.5,0.5,0,0,-4.209573226545851,-2.698053604053921
0.5,0.5,0,0,-4.197422036290387,-2.7169188889740266
0.5,0.5,0,0,-4.185186301493152,-2.7357294496704294
0.5,0.5,0,0,-4.172866268606514,-2.754484907260512
0.5,0.5,0,0,-4.16046218578077,-2.773184883971549
0.5,0.5,0,0,-4.147974302859155,-2.7918290031483126
0.5,0.5,0,0,-4.1354028713728095,-2.8104168892606527
0.5,0.5,0,0,-4.122748144535704,-2.828948167911072
0.5,0.5,0,0,-4.11001037723955,-2.8474224658422593
0.5,0.5,0,0,-4.097189826048659,-2.8658394109446124
0.5,0.5,0,0,-4.08428674919478,-2.8841986322637236
0.5,0.5,0,0,-4.0713014065718935,-2.9024997600078657
0.5,0.5,0,0,-4.058234059730977,-2.9207424255554333
0.5,0.5,0,0,-4.045084971874738,-2.938926261462365
0.5,0.5,0,0,-4.031854407852316,-2.9570509014695445
0.5,0.5,0,0,-4.0185426341539445,-2.9751159805101848
0.5,0.5,0,0,-4.005149918905579,-2.9931211347171756
0.5,0.5,0,0,-3.991676531863507,-3.01106600143041
0.5,0.5,0,0,-3.9781227444089056,-3.0289502192040985
0.5,0.5,0,0,-3.964488829542377,-3.04677342781404
0.5,0.5,0,0,-3.9507750618784514,-3.064535268264883
0.5,0.5,0,0,-3.9369817176400597,-3.0822353827973497
0.5,0.5,0,0,-3.92310907465296,-3.0998734148954528
0.5,0.5,0,0,-3.909157412340151,-3.117449009293665
0.5,0.5,0,0,-3.8951270117162324,-3.134961811984091
0.5,0.5,0,0,-3.881018155381766,-3.1524114702235675
0.5,0.5,0,0,-3.866831127517557,-3.1697976325408064
0.5,0.5,0,0,-3.852566213878945,-3.18711994874345
0.5,0.5,0,0,-3.838223701790056,-3.20437806992512
0.5,0.5,0,0,-3.8238038801379926,-3.2215716484724704
0.5,0.5,0,0,-3.809307039367034,-3.2387003380721655
0.5,0.5,0,0,-3.7947334714727776,-3.2557637937178674
0.5,0.5,0,0,-3.7800834699962635,-3.272761671717176
0.5,0.5,0,0,-3.7653573300180554,-3.2896936296985624
0.5,0.5,0,0,-3.7505553481522984,-3.3065593266182587
0.5,0.5,0,0,-3.735677822540748,-3.3233584227671287
0.5,0.5,0,0,-3.720725052846765,-3.3400905797775065
0.5,0.5,0,0,-3.705697340249276,-3.3567554606300174
0.5,0.5,0,0,-3.690594987436702,-3.3733527296603727
0.5,0.5,0,0,-3.675418298600885,-3.3898820525661035
0.5,0.5,0,0,-3.6601675794309267,-3.4063430964133294
0.5,0.5,0,0,-3.644843137107059,-3.422735529643442
0.5,0.5,0,0,-3.629445280294443,-3.439059022079789
0.5,0.5,0,0,-3.6139743191369584,-3.455313244934323
0.5,0.5,0,0,-3.598430565250952,-3.471497870814228
0.5,0.5,0,0,-3.582814331718962,-3.487612573728511
0.5,0.5,0,0,-3.567125933083414,-3.5036570290945694
0.5,0.5,0,0,-3.5513656853402855,-3.5196309137447246
0.5,0.5,0,0,-3.5355339059327386,-3.5355339059327373
0.5,0.5,0,0,-3.519630913744724,-3.551365685340286
0.5,0.5,0,0,-3.503657029094569,-3.5671259330834144
0.5,0.5,0,0,-3.4876125737285135,-3.58281433171896
0.5,0.5,0,0,-3.4714978708142303,-3.598430565250949
0.5,0.5,0,0,-3.455313244934322,-3.613974319136959
0.5,0.5,0,0,-3.43905902207979,-3.6294452802944415
0.5,0.5,0,0,-3.422735529643445,-3.6448431371070567
0.5,0.5,0,0,-3.406343096413332,-3.660167579430924
0.5,0.5,0,0,-3.3898820525661044,-3.6754182986008836
0.5,0.5,0,0,-3.3733527296603723,-3.690594987436703
0.5,0.5,0,0,-3.3567554606300205,-3.705697340249273
0.5,0.5,0,0,-3.340090579777506,-3.720725052846765
0.5,0.5,0,0,-3.3233584227671282,-3.7356778225407483
0.5,0.5,0,0,-3.3065593266182596,-3.7505553481522975
0.5,0.5,0,0,-3.289693629698565,-3.7653573300180527
0.5,0.5,0,0,-3.2727616717171752,-3.7800834699962644
0.5,0.5,0,0,-3.2557637937178683,-3.7947334714727763
0.5,0.5,0,0,-3.238700338072167,-3.809307039367033
0.5,0.5,0,0,-3.221571648472474,-3.8238038801379903
0.5,0.5,0,0,-3.204378069925121,-3.838223701790055
0.5,0.5,0,0,-3.1871199487434474,-3.852566213878947
0.5,0.5,0,0,-3.169797632540809,-3.866831127517554
0.5,0.5,0,0,-3.1524114702235684,-3.8810181553817653
0.5,0.5,0,0,-3.134961811984089,-3.8951270117162338
0.5,0.5,0,0,-3.1174490092936686,-3.9091574123401482
0.5,0.5,0,0,-3.099873414895456,-3.9231090746529573
0.5,0.5,0,0,-3.0822353827973514,-3.9369817176400583
0.5,0.5,0,0,-3.0645352682648825,-3.950775061878452
0.5,0.5,0,0,-3.046773427814043,-3.9644888295423746
0.5,0.5,0,0,-3.0289502192041002,-3.9781227444089047
0.5,0.5,0,0,-3.0110660014304096,-3.991676531863508
0.5,0.5,0,0,-2.9931211347171764,-4.005149918905579
0.5,0.5,0,0,-2.9751159805101857,-4.018542634153944
0.5,0.5,0,0,-2.957050901469544,-4.031854407852317
0.5,0.5,0,0,-2.9389262614623664,-4.045084971874736
0.5,0.5,0,0,-2.920742425555434,-4.058234059730975
0.5,0.5,0,0,-2.9024997600078684,-4.071301406571892
0.5,0.5,0,0,-2.884198632263723,-4.0842867491947805
0.5,0.5,0,0,-2.8658394109446133,-4.097189826048658
0.5,0.5,0,0,-2.8474224658422607,-4.110010377239549
0.5,0.5,0,0,-2.828948167911075,-4.122748144535702
0.5,0.5,0,0,-2.8104168892606545,-4.135402871372808
0.5,0.5,0,0,-2.791829003148312,-4.147974302859156
0.5,0.5,0,0,-2.7731848839715525,-4.160462185780768
0.5,0.5,0,0,-2.754484907260513,-4.172866268606513
0.5,0.5,0,0,-2.735729449670429,-4.185186301493152
0.5,0.5,0,0,-2.7169188889740297,-4.197422036290385
0.5,0.5,0,0,-2.6980536040539227,-4.20957322654585
0.5,0.5,0,0,-2.679133974894982,-4.2216396275100765
0.5,0.5,0,0,-2.6601603825766835,-4.23362099614142
0.5,0.5,0,0,-2.6411332092654245,-4.245517091110966
0.5,0.5,0,0,-2.62205283820683,-4.257327672807381
0.5,0.5,0,0,-2.602919653718043,-4.269052503341736
0.5,0.5,0,0,-2.5837340411799743,-4.280691346552307
0.5,0.5,0,0,-2.564496387029531,-4.29224396800933
0.5,0.5,0,0,-2.5452070787518553,-4.303710135019719
0.5,0.5,0,0,-2.5258665048725066,-4.3150896166317505
0.5,0.5,0,0,-2.5064750549496244,-4.32638218363973
0.5,0.5,0,0,-2.4870331195661124,-4.337587608588586
0.5,0.5,0,0,-2.4675410903217347,-4.348705665778477
0.5,0.5,0,0,-2.447999359825261,-4.359736131269313
0.5,0.5,0,0,-2.4284083216865433,-4.370678782885279
0.5,0.5,0,0,-2.40876837050858,-4.381533400219316
0.5,0.5,0,0,-2.389079901879575,-4.39229976463755
0.5,0.5,0,0,-2.369343312364994,-4.40297765928369
0.5,0.5,0,0,-2.3495589994995303,-4.413566869083414
0.5,0.5,0,0,-2.329727361779122,-4.424067180748693
0.5,0.5,0,0,-2.309848798652949,-4.434478382782075
0.5,0.5,0,0,-2.28992371051534,-4.444800265480965
0.5,0.5,0,0,-2.2699524986977346,-4.455032620941839
0.5,0.5,0,0,-2.249935565460605,-4.465175243064428
0.5,0.5,0,0,-2.229873313985344,-4.4752279275558715
0.5,0.5,0,0,-2.2097661483661337,-4.485190471934843
0.5,0.5,0,0,-2.189614473601834,-4.495062675535611
0.5,0.5,0,0,-2.169418695587791,-4.504844339512095
0.5,0.5,0,0,-2.149179221107694,-4.514535266841863
0.5,0.5,0,0,-2.128896457825365,-4.5241352623300966
0.5,0.5,0,0,-2.1085708142765376,-4.53364413261354
0.5,0.5,0,0,-2.0882026998606538,-4.543061686164373
0.5,0.5,0,0,-2.067792524832604,-4.552387733294079
0.5,0.5,0,0,-2.047340700294456,-4.5616220861572705
0.5,0.5,0,0,-2.026847638187182,-4.5707645587554655
0.5,0.5,0,0,-2.006313751282371,-4.579814966940833
0.5,0.5,0,0,-1.9857394531739057,-4.588773128419905
0.5,0.5,0,0,-1.9651251582696188,-4.597638862757253
0.5,0.5,0,0,-1.9444712817829726,-4.606411991379113
0.5,0.5,0,0,-1.9237782397246816,-4.615092337576986
0.5,0.5,0,0,-1.9030464488943213,-4.623679726511202
0.5,0.5,0,0,-1.8822763268719584,-4.632173985214438
0.5,0.5,0,0,-1.8614682920097267,-4.640574942595194
0.5,0.5,0,0,-1.840622763423393,-4.648882429441255
0.5,0.5,0,0,-1.8197401609839237,-4.657096278423091
0.5,0.5,0,0,-1.7988209053090345,-4.665216324097221
0.5,0.5,0,0,-1.7778654177547124,-4.673242402909554
0.5,0.5,0,0,-1.7568741204067142,-4.681174353198686
0.5,0.5,0,0,-1.735847436072091,-4.689012015199145
0.5,0.5,0,0,-1.714785788270659,-4.696755231044617
0.5,0.5,0,0,-1.6936896012264568,-4.704403844771127
0.5,0.5,0,0,-1.6725592998592291,-4.7119577023201735
0.5,0.5,0,0,-1.6513953097758363,-4.719416651541837
0.5,0.5,0,0,-1.6301980572617083,-4.726780542197845
0.5,0.5,0,0,-1.608967969272249,-4.73404922596459
0.5,0.5,0,0,-1.5877054734242257,-4.7412225564361306
0.5,0.5,0,0,-1.5664109979871617,-4.748300389127131
0.5,0.5,0,0,-1.5450849718747377,-4.755282581475767
0.5,0.5,0,0,-1.5237278246361055,-4.762168992846613
0.5,0.5,0,0,-1.5023399864472566,-4.768959484533461
0.5,0.5,0,0,-1.4809218881023878,-4.7756539197621155
0.5,0.5,0,0,-1.459473961005169,-4.7822521636931565
0.5,0.5,0,0,-1.4379966371600872,-4.788754083424652
0.5,0.5,0,0,-1.4164903491637464,-4.795159547994828
0.5,0.5,0,0,-1.394955530196148,-4.801468428384715
0.5,0.5,0,0,-1.3733926140119512,-4.807680597520744
0.5,0.5,0,0,-1.3518020349317672,-4.813795930277304
0.5,0.5,0,0,-1.3301842278333764,-4.819814303479266
0.5,0.5,0,0,-1.3085396281429995,-4.825735595904461
0.5,0.5,0,0,-1.2868686718265134,-4.831559688286119
0.5,0.5,0,0,-1.2651717953806592,-4.837286463315283
0.5,0.5,0,0,-1.2434494358242723,-4.842915805643156
0.5,0.5,0,0,-1.221702030689471,-4.848447601883434
0.5,0.5,0,0,-1.1999300180128332,-4.85388174061459
0.5,0.5,0,0,-1.1781338363265816,-4.859218112382115
0.5,0.5,0,0,-1.1563139246497607,-4.864456609700724
0.5,0.5,0,0,-1.134470722479385,-4.869597127056519
0.5,0.5,0,0,-1.112604669781573,-4.874639560909118
0.5,0.5,0,0,-1.0907162069827119,-4.879583809693737
0.5,0.5,0,0,-1.068805774960574,-4.884429773823237
0.5,0.5,0,0,-1.0468738150354227,-4.889177355690134
0.5,0.5,0,0,-1.0249207689611497,-4.893826459668557
0.5,0.5,0,0,-1.0029470789163648,-4.8983769921161775
0.5,0.5,0,0,-0.9809531874954749,-4.9028288613761
0.5,0.5,0,0,-0.958939537699802,-4.907181977778702
0.5,0.5,0,0,-0.9369065729286231,-4.911436253643443
0.5,0.5,0,0,-0.914854736970276,-4.915591603280632
0.5,0.5,0,0,-0.8927844739931841,-4.919647942993148
0.5,0.5,0,0,-0.8706962285369462,-4.923605191078133
0.5,0.5,0,0,-0.8485904455033465,-4.9274632678286325
0.5,0.5,0,0,-0.8264675701474249,-4.931222095535205
0.5,0.5,0,0,-0.8043280480684949,-4.934881598487478
0.5,0.5,0,0,-0.7821723252011552,-4.938441702975688
0.5,0.5,0,0,-0.7600008478063347,-4.941902337292154
0.5,0.5,0,0,-0.73781406246229,-4.945263431732721
0.5,0.5,0,0,-0.7156124160555974,-4.948524918598174
0.5,0.5,0,0,-0.6933963557721783,-4.951686732195592
0.5,0.5,0,0,-0.6711663290882783,-4.954748808839674
0.5,0.5,0,0,-0.6489227837614462,-4.957711086854022
0.5,0.5,0,0,-0.626666167821523,-4.960573506572389
0.5,0.5,0,0,-0.6043969295616274,-4.963336010339868
0.5,0.5,0,0,-0.5821155175291169,-4.965998542514064
0.5,0.5,0,0,-0.5598223805165402,-4.968561049466213
0.5,0.5,0,0,-0.5375179675526236,-4.971023479582258
0.5,0.5,0,0,-0.5152027278932144,-4.9733857832638915
0.5,0.5,0,0,-0.4928771110122176,-4.975647912929556
0.5,0.5,0,0,-0.4705415665925743,-4.9778098230154
0.5,0.5,0,0,-0.4481965445171684,-4.979871469976195
0.5,0.5,0,0,-0.42584249485979636,-4.981832812286216
0.5,0.5,0,0,-0.4034798678760882,-4.983693810440073
0.5,0.5,0,0,-0.3811091139944298,-4.985454426953513
0.5,0.5,0,0,-0.35873068380689466,-4.98711462636417
0.5,0.5,0,0,-0.33634502806019917,-4.98867437523228
0.5,0.5,0,0,-0.31395259764657046,-4.990133642141358
0.5,0.5,0,0,-0.29155384359469105,-4.991492397698824
0.5,0.5,0,0,-0.269149217060641,-4.992750614536605
0.5,0.5,0,0,-0.24673916931875733,-4.993908267311674
0.5,0.5,0,0,-0.22432415175257553,-4.994965332706573
0.5,0.5,0,0,-0.20190461584574226,-4.995921789429873
0.5,0.5,0,0,-0.17948101317291268,-4.996777618216607
0.5,0.5,0,0,-0.1570537953906415,-4.997532801828658
0.5,0.5,0,0,-0.13462341422831675,-4.998187325055106
0.5,0.5,0,0,-0.1121903214790256,-4.998741174712532
0.5,0.5,0,0,-0.08975496899048532,-4.999194339645291
0.5,0.5,0,0,-0.06731780865592896,-4.999546810725724
0.5,0.5,0,0,-0.04487929240498979,-4.999798580854355
0.5,0.5,0,0,-0.022439872194625413,-4.999949644960026
0.5,0.5,0,0,-9.184850993605148e-16,-5.0
0.5,0.5,0,0,0.022439872194623574,-4.999949644960026
0.5,0.5,0,0,0.04487929240498796,-4.999798580854355
0.5,0.5,0,0,0.06731780865592712,-4.999546810725724
0.5,0.5,0,0,0.08975496899048349,-4.999194339645291
0.5,0.5,0,0,0.11219032147902376,-4.998741174712532
0.5,0.5,0,0,0.13462341422831492,-4.998187325055106
0.5,0.5,0,0,0.15705379539063966,-4.997532801828658
0.5,0.5,0,0,0.17948101317291082,-4.996777618216607
0.5,0.5,0,0,0.20190461584574487,-4.995921789429873
0.5,0.5,0,0,0.22432415175257372,-4.994965332706574
0.5,0.5,0,0,0.2467391693187555,-4.993908267311674
0.5,0.5,0,0,0.26914921706063916,-4.992750614536605
0.5,0.5,0,0,0.29155384359469366,-4.991492397698824
0.5,0.5,0,0,0.31395259764656414,-4.990133642141358
0.5,0.5,0,0,0.33634502806019734,-4.98867437523228
0.5,0.5,0,0,0.3587306838068929,-4.98711462636417
0.5,0.5,0,0,0.3811091139944236,-4.985454426953513
0.5,0.5,0,0,0.4034798678760864,-4.983693810440073
0.5,0.5,0,0,0.42584249485979453,-4.981832812286216
0.5,0.5,0,0,0.44819654451716656,-4.979871469976195
0.5,0.5,0,0,0.47054156659257246,-4.9778098230154
0.5,0.5,0,0,0.49287711101221576,-4.975647912929556
0.5,0.5,0,0,0.5152027278932126,-4.9733857832638915
0.5,0.5,0,0,0.5375179675526263,-4.971023479582257
0.5,0.5,0,0,0.5598223805165383,-4.968561049466213
0.5,0.5,0,0,0.5821155175291107,-4.965998542514065
0.5,0.5,0,0,0.6043969295616256,-4.9633360103398685
0.5,0.5,0,0,0.6266661678215212,-4.9605735065723895
0.5,0.5,0,0,0.6489227837614399,-4.957711086854023
0.5,0.5,0,0,0.6711663290882764,-4.954748808839674
0.5,0.5,0,0,0.6933963557721807,-4.951686732195592
0.5,0.5,0,0,0.7156124160555956,-4.948524918598175
0.5,0.5,0,0,0.7378140624622882,-4.945263431732721
0.5,0.5,0,0,0.7600008478063329,-4.941902337292154
0.5,0.5,0,0,0.7821723252011534,-4.938441702975689
0.5,0.5,0,0,0.8043280480684931,-4.934881598487478
0.5,0.5,0,0,0.8264675701474231,-4.931222095535205
0.5,0.5,0,0,0.8485904455033446,-4.927463267828633
0.5,0.5,0,0,0.8706962285369444,-4.923605191078133
0.5,0.5,0,0,0.8927844739931823,-4.919647942993148
0.5,0.5,0,0,0.9148547369702698,-4.915591603280633
0.5,0.5,0,0,0.9369065729286213,-4.911436253643443
0.5,0.5,0,0,0.9589395376998001,-4.907181977778702
0.5,0.5,0,0,0.9809531874954731,-4.902828861376101
0.5,0.5,0,0,1.0029470789163628,-4.898376992116178
0.5,0.5,0,0,1.0249207689611524,-4.893826459668556
0.5,0.5,0,0,1.0468738150354209,-4.889177355690135
0.5,0.5,0,0,1.0688057749605724,-4.884429773823238
0.5,0.5,0,0,1.0907162069827145,-4.879583809693736
0.5,0.5,0,0,1.1126046697815712,-4.874639560909118
0.5,0.5,0,0,1.1344707224793833,-4.869597127056519
0.5,0.5,0,0,1.156313924649759,-4.864456609700725
0.5,0.5,0,0,1.1781338363265799,-4.859218112382116
0.5,0.5,0,0,1.199930018012827,-4.853881740614591
0.5,0.5,0,0,1.2217020306894693,-4.848447601883434
0.5,0.5,0,0,1.2434494358242705,-4.842915805643156
0.5,0.5,0,0,1.2651717953806574,-4.837286463315284
0.5,0.5,0,0,1.2868686718265119,-4.83155968828612
0.5,0.5,0,0,1.3085396281429975,-4.825735595904462
0.5,0.5,0,0,1.3301842278333744,-4.819814303479267
0.5,0.5,0,0,1.3518020349317652,-4.813795930277304
0.5,0.5,0,0,1.3733926140119492,-4.807680597520745
0.5,0.5,0,0,1.394955530196146,-4.801468428384715
0.5,0.5,0,0,1.416490349163749,-4.795159547994828
0.5,0.5,0,0,1.4379966371600852,-4.788754083424653
0.5,0.5,0,0,1.459473961005163,-4.782252163693158
0.5,0.5,0,0,1.4809218881023858,-4.775653919762116
0.5,0.5,0,0,1.502339986447259,-4.76895948453346
0.5,0.5,0,0,1.5237278246360995,-4.762168992846615
0.5,0.5,0,0,1.5450849718747361,-4.755282581475768
0.5,0.5,0,0,1.566410997987164,-4.74830038912713
0.5,0.5,0,0,1.58770547342422,-4.741222556436132
0.5,0.5,0,0,1.6089679692722472,-4.734049225964591
0.5,0.5,0,0,1.6301980572617067,-4.7267805421978455
0.5,0.5,0,0,1.6513953097758343,-4.719416651541838
0.5,0.5,0,0,1.6725592998592276,-4.7119577023201735
0.5,0.5,0,0,1.6936896012264553,-4.704403844771128
0.5,0.5,0,0,1.7147857882706532,-4.6967552310446194
0.5,0.5,0,0,1.7358474360720935,-4.689012015199144
0.5,0.5,0,0,1.7568741204067126,-4.681174353198687
0.5,0.5,0,0,1.7778654177547066,-4.673242402909556
0.5,0.5,0,0,1.7988209053090372,-4.66521632409722
0.5,0.5,0,0,1.819740160983922,-4.657096278423092
0.5,0.5,0,0,1.8406227634233872,-4.648882429441258
0.5,0.5,0,0,1.861468292009725,-4.640574942595195
0.5,0.5,0,0,1.8822763268719607,-4.632173985214437
0.5,0.5,0,0,1.9030464488943197,-4.623679726511204
0.5,0.5,0,0,1.92377823972468,-4.615092337576987
0.5,0.5,0,0,1.944471281782971,-4.6064119913791135
0.5,0.5,0,0,1.9651251582696172,-4.597638862757253
0.5,0.5,0,0,1.9857394531739037,-4.588773128419906
0.5,0.5,0,0,2.006313751282369,-4.579814966940833
0.5,0.5,0,0,2.02684763818718,-4.5707645587554655
0.5,0.5,0,0,2.047340700294454,-4.561622086157271
0.5,0.5,0,0,2.067792524832602,-4.55238773329408
0.5,0.5,0,0,2.0882026998606524,-4.543061686164373
0.5,0.5,0,0,2.108570814276536,-4.53364413261354
0.5,0.5,0,0,2.128896457825363,-4.524135262330098
0.5,0.5,0,0,2.1491792211076923,-4.514535266841863
0.5,0.5,0,0,2.16941869558779,-4.504844339512096
0.5,0.5,0,0,2.189614473601832,-4.495062675535611
0.5,0.5,0,0,2.209766148366132,-4.485190471934844
0.5,0.5,0,0,2.229873313985342,-4.475227927555872
0.5,0.5,0,0,2.2499355654606075,-4.465175243064426
0.5,0.5,0,0,2.2699524986977333,-4.455032620941839
0.5,0.5,0,0,2.2899237105153385,-4.444800265480966
0.5,0.5,0,0,2.3098487986529475,-4.434478382782076
0.5,0.5,0,0,2.329727361779124,-4.4240671807486915
0.5,0.5,0,0,2.349558999499525,-4.413566869083417
0.5,0.5,0,0,2.3693433123649923,-4.402977659283691
0.5,0.5,0,0,2.389079901879574,-4.392299764637551
0.5,0.5,0,0,2.4087683705085747,-4.381533400219319
0.5,0.5,0,0,2.4284083216865415,-4.37067878288528
0.5,0.5,0,0,2.4479993598252596,-4.3597361312693135
0.5,0.5,0,0,2.4675410903217334,-4.3487056657784775
0.5,0.5,0,0,2.4870331195661106,-4.337587608588588
0.5,0.5,0,0,2.5064750549496235,-4.326382183639731
0.5,0.5,0,0,2.525866504872505,-4.315089616631751
0.5,0.5,0,0,2.545207078751858,-4.303710135019717
0.5,0.5,0,0,2.5644963870295303,-4.292243968009331
0.5,0.5,0,0,2.5837340411799685,-4.2806913465523095
0.5,0.5,0,0,2.602919653718041,-4.269052503341737
0.5,0.5,0,0,2.6220528382068284,-4.2573276728073814
0.5,0.5,0,0,2.641133209265419,-4.24551709111097
0.5,0.5,0,0,2.6601603825766817,-4.233620996141421
0.5,0.5,0,0,2.6791339748949836,-4.221639627510075
0.5,0.5,0,0,2.698053604053921,-4.209573226545851
0.5,0.5,0,0,2.7169188889740283,-4.197422036290386
0.5,0.5,0,0,2.7357294496704276,-4.185186301493154
0.5,0.5,0,0,2.7544849072605118,-4.172866268606514
0.5,0.5,0,0,2.7731848839715507,-4.160462185780769
0.5,0.5,0,0,2.791829003148311,-4.147974302859157
0.5,0.5,0,0,2.810416889260649,-4.135402871372812
0.5,0.5,0,0,2.828948167911074,-4.122748144535703
0.5,0.5,0,0,2.8474224658422593,-4.110010377239551
0.5,0.5,0,0,2.8658394109446084,-4.097189826048662
0.5,0.5,0,0,2.8841986322637254,-4.084286749194779
0.5,0.5,0,0,2.902499760007867,-4.071301406571893
0.5,0.5,0,0,2.9207424255554324,-4.058234059730977
0.5,0.5,0,0,2.9389262614623646,-4.045084971874738
0.5,0.5,0,0,2.9570509014695463,-4.0318544078523155
0.5,0.5,0,0,2.975115980510184,-4.0185426341539445
0.5,0.5,0,0,2.9931211347171756,-4.0051499189055795
0.5,0.5,0,0,3.0110660014304087,-3.991676531863509
0.5,0.5,0,0,3.0289502192040985,-3.9781227444089056
0.5,0.5,0,0,3.046773427814041,-3.964488829542376
0.5,0.5,0,0,3.0645352682648808,-3.950775061878453
0.5,0.5,0,0,3.0822353827973497,-3.9369817176400597
0.5,0.5,0,0,3.0998734148954545,-3.923109074652959
0.5,0.5,0,0,3.117449009293667,-3.9091574123401496
0.5,0.5,0,0,3.134961811984087,-3.895127011716235
0.5,0.5,0,0,3.1524114702235675,-3.881018155381766
0.5,0.5,0,0,3.1697976325408077,-3.8668311275175555
0.5,0.5,0,0,3.1871199487434465,-3.852566213878948
0.5,0.5,0,0,3.20437806992512,-3.838223701790056
0.5,0.5,0,0,3.221571648472472,-3.8238038801379917
0.5,0.5,0,0,3.2387003380721655,-3.809307039367034
0.5,0.5,0,0,3.2557637937178674,-3.7947334714727776
0.5,0.5,0,0,3.2727616717171775,-3.7800834699962627
0.5,0.5,0,0,3.2896936296985624,-3.7653573300180554
0.5,0.5,0,0,3.3065593266182596,-3.7505553481522975
0.5,0.5,0,0,3.323358422767127,-3.735677822540749
0.5,0.5,0,0,3.340090579777506,-3.720725052846765
0.5,0.5,0,0,3.3567554606300174,-3.705697340249276
0.5,0.5,0,0,3.373352729660371,-3.690594987436704
0.5,0.5,0,0,3.3898820525661018,-3.6754182986008868
0.5,0.5,0,0,3.4063430964133294,-3.6601675794309267
0.5,0.5,0,0,3.422735529643443,-3.644843137107058
0.5,0.5,0,0,3.439059022079787,-3.629445280294444
0.5,0.5,0,0,3.455313244934323,-3.6139743191369584
0.5,0.5,0,0,3.471497870814229,-3.59843056525095
0.5,0.5,0,0,3.487612573728511,-3.5828143317189625
0.5,0.5,0,0,3.5036570290945663,-3.567125933083417
0.5,0.5,0,0,3.5196309137447255,-3.551365685340284
0.5,0.5,0,0,3.535533905932737,-3.5355339059327386
0.5,0.5,0,0,3.5513656853402824,-3.5196309137447273
0.5,0.5,0,0,3.5671259330834153,-3.503657029094568
0.5,0.5,0,0,3.5828143317189607,-3.4876125737285117
0.5,0.5,0,0,3.598430565250949,-3.471497870814231
0.5,0.5,0,0,3.6139743191369567,-3.4553132449343242
0.5,0.5,0,0,3.629445280294443,-3.439059022079789
0.5,0.5,0,0,3.644843137107056,-3.422735529643445
0.5,0.5,0,0,3.660167579430926,-3.406343096413331
0.5,0.5,0,0,3.6754182986008823,-3.389882052566106
0.5,0.5,0,0,3.690594987436702,-3.3733527296603727
0.5,0.5,0,0,3.7056973402492743,-3.356755460630019
0.5,0.5,0,0,3.7207250528467632,-3.340090579777508
0.5,0.5,0,0,3.7356778225407483,-3.3233584227671282
0.5,0.5,0,0,3.7505553481522984,-3.306559326618258
0.5,0.5,0,0,3.7653573300180536,-3.289693629698564
0.5,0.5,0,0,3.780083469996261,-3.2727616717171792
0.5,0.5,0,0,3.7947334714727763,-3.255763793717869
0.5,0.5,0,0,3.809307039367033,-3.2387003380721673
0.5,0.5,0,0,3.82380388013799,-3.221571648472474
0.5,0.5,0,0,3.838223701790055,-3.204378069925122
0.5,0.5,0,0,3.852566213878947,-3.1871199487434483
0.5,0.5,0,0,3.866831127517554,-3.1697976325408095
0.5,0.5,0,0,3.8810181553817653,-3.152411470223569
0.5,0.5,0,0,3.8951270117162338,-3.134961811984089
0.5,0.5,0,0,3.9091574123401482,-3.1174490092936686
0.5,0.5,0,0,3.92310907465296,-3.0998734148954528
0.5,0.5,0,0,3.9369817176400583,-3.0822353827973514
0.5,0.5,0,0,3.9507750618784514,-3.0645352682648825
0.5,0.5,0,0,3.9644888295423746,-3.046773427814043
0.5,0.5,0,0,3.9781227444089047,-3.0289502192041002
0.5,0.5,0,0,3.9916765318635052,-3.0110660014304136
0.5,0.5,0,0,4.005149918905578,-2.9931211347171773
0.5,0.5,0,0,4.018542634153944,-2.9751159805101857
0.5,0.5,0,0,4.031854407852315,-2.9570509014695476
0.5,0.5,0,0,4.045084971874736,-2.938926261462367
0.5,0.5,0,0,4.058234059730975,-2.920742425555434
0.5,0.5,0,0,4.071301406571892,-2.902499760007869
0.5,0.5,0,0,4.0842867491947805,-2.8841986322637236
0.5,0.5,0,0,4.097189826048661,-2.86583941094461
0.5,0.5,0,0,4.110010377239549,-2.8474224658422607
0.5,0.5,0,0,4.122748144535702,-2.8289481679110757
0.5,0.5,0,0,4.135402871372808,-2.8104168892606545
0.5,0.5,0,0,4.147974302859156,-2.7918290031483126
0.5,0.5,0,0,4.160462185780768,-2.7731848839715525
0.5,0.5,0,0,4.172866268606513,-2.7544849072605135
0.5,0.5,0,0,4.185186301493152,-2.7357294496704294
0.5,0.5,0,0,4.197422036290385,-2.7169188889740297
0.5,0.5,0,0,4.20957322654585,-2.6980536040539227
0.5,0.5,0,0,4.221639627510074,-2.6791339748949854
0.5,0.5,0,0,4.23362099614142,-2.660160382576684
0.5,0.5,0,0,4.245517091110968,-2.641133209265421
0.5,0.5,0,0,4.257327672807381,-2.62205283820683
0.5,0.5,0,0,4.269052503341734,-2.602919653718047
0.5,0.5,0,0,4.280691346552309,-2.5837340411799707
0.5,0.5,0,0,4.29224396800933,-2.5644963870295316
0.5,0.5,0,0,4.303710135019716,-2.5452070787518597
0.5,0.5,0,0,4.315089616631752,-2.525866504872503
0.5,0.5,0,0,4.326382183639729,-2.5064750549496253
0.5,0.5,0,0,4.337587608588586,-2.487033119566113
0.5,0.5,0,0,4.348705665778477,-2.467541090321735
0.5,0.5,0,0,4.359736131269313,-2.4479993598252614
0.5,0.5,0,0,4.370678782885279,-2.4284083216865433
0.5,0.5,0,0,4.381533400219318,-2.4087683705085765
0.5,0.5,0,0,4.3922997646375475,-2.3890799018795796
0.5,0.5,0,0,4.40297765928369,-2.369343312364994
0.5,0.5,0,0,4.413566869083415,-2.3495589994995263
0.5,0.5,0,0,4.4240671807486915,-2.3297273617791263
0.5,0.5,0,0,4.434478382782075,-2.3098487986529492
0.5,0.5,0,0,4.444800265480967,-2.2899237105153363
0.5,0.5,0,0,4.455032620941839,-2.2699524986977346
0.5,0.5,0,0,4.465175243064426,-2.249935565460609
0.5,0.5,0,0,4.4752279275558715,-2.229873313985344
0.5,0.5,0,0,4.4851904719348425,-2.209766148366134
0.5,0.5,0,0,4.495062675535611,-2.189614473601834
0.5,0.5,0,0,4.504844339512095,-2.1694186955877917
0.5,0.5,0,0,4.514535266841862,-2.149179221107694
0.5,0.5,0,0,4.5241352623300966,-2.128896457825365
0.5,0.5,0,0,4.53364413261354,-2.1085708142765376
0.5,0.5,0,0,4.5430616861643704,-2.088202699860658
0.5,0.5,0,0,4.552387733294079,-2.0677925248326043
0.5,0.5,0,0,4.561622086157272,-2.047340700294452
0.5,0.5,0,0,4.5707645587554655,-2.026847638187182
0.5,0.5,0,0,4.579814966940833,-2.006313751282371
0.5,0.5,0,0,4.588773128419905,-1.9857394531739059
0.5,0.5,0,0,4.597638862757253,-1.9651251582696192
0.5,0.5,0,0,4.606411991379113,-1.944471281782973
0.5,0.5,0,0,4.615092337576986,-1.9237782397246819
0.5,0.5,0,0,4.623679726511202,-1.9030464488943215
0.5,0.5,0,0,4.632173985214438,-1.8822763268719587
0.5,0.5,0,0,4.640574942595194,-1.861468292009727
0.5,0.5,0,0,4.648882429441257,-1.8406227634233894
0.5,0.5,0,0,4.657096278423093,-1.8197401609839199
0.5,0.5,0,0,4.66521632409722,-1.798820905309035
0.5,0.5,0,0,4.673242402909556,-1.7778654177547084
0.5,0.5,0,0,4.681174353198684,-1.7568741204067186
0.5,0.5,0,0,4.689012015199143,-1.7358474360720955
0.5,0.5,0,0,4.696755231044619,-1.7147857882706552
0.5,0.5,0,0,4.704403844771125,-1.6936896012264613
0.5,0.5,0,0,4.7119577023201735,-1.6725592998592296
0.5,0.5,0,0,4.719416651541839,-1.6513953097758325
0.5,0.5,0,0,4.726780542197843,-1.6301980572617127
0.5,0.5,0,0,4.73404922596459,-1.6089679692722494
0.5,0.5,0,0,4.741222556436131,-1.5877054734242217
0.5,0.5,0,0,4.74830038912713,-1.566410997987166
0.5,0.5,0,0,4.755282581475767,-1.5450849718747384
0.5,0.5,0,0,4.762168992846613,-1.5237278246361057
0.5,0.5,0,0,4.76895948453346,-1.5023399864472613
0.5,0.5,0,0,4.7756539197621155,-1.480921888102388
0.5,0.5,0,0,4.7822521636931565,-1.4594739610051692
0.5,0.5,0,0,4.788754083424652,-1.4379966371600874
0.5,0.5,0,0,4.795159547994828,-1.4164903491637468
0.5,0.5,0,0,4.801468428384715,-1.3949555301961483
0.5,0.5,0,0,4.807680597520744,-1.3733926140119515
0.5,0.5,0,0,4.813795930277305,-1.351802034931763
0.5,0.5,0,0,4.819814303479266,-1.3301842278333766
0.5,0.5,0,0,4.825735595904461,-1.3085396281429997
0.5,0.5,0,0,4.831559688286119,-1.286868671826514
0.5,0.5,0,0,4.837286463315283,-1.2651717953806594
0.5,0.5,0,0,4.842915805643156,-1.2434494358242725
0.5,0.5,0,0,4.848447601883433,-1.2217020306894757
0.5,0.5,0,0,4.853881740614591,-1.199930018012829
0.5,0.5,0,0,4.859218112382116,-1.1781338363265776
0.5,0.5,0,0,4.864456609700723,-1.1563139246497653
0.5,0.5,0,0,4.869597127056519,-1.1344707224793853
0.5,0.5,0,0,4.874639560909118,-1.112604669781569
0.5,0.5,0,0,4.879583809693736,-1.0907162069827165
0.5,0.5,0,0,4.884429773823237,-1.0688057749605744
0.5,0.5,0,0,4.889177355690134,-1.0468738150354273
0.5,0.5,0,0,4.893826459668556,-1.0249207689611546
0.5,0.5,0,0,4.8983769921161775,-1.002947078916365
0.5,0.5,0,0,4.9028288613761,-0.9809531874954797
0.5,0.5,0,0,4.907181977778702,-0.9589395376998022
0.5,0.5,0,0,4.911436253643443,-0.9369065729286234
0.5,0.5,0,0,4.915591603280632,-0.9148547369702763
0.5,0.5,0,0,4.919647942993148,-0.8927844739931844
0.5,0.5,0,0,4.923605191078134,-0.8706962285369422
0.5,0.5,0,0,4.9274632678286325,-0.8485904455033468
0.5,0.5,0,0,4.931222095535205,-0.8264675701474251
0.5,0.5,0,0,4.934881598487478,-0.8043280480684951
0.5,0.5,0,0,4.938441702975688,-0.7821723252011556
0.5,0.5,0,0,4.941902337292154,-0.7600008478063351
0.5,0.5,0,0,4.945263431732721,-0.7378140624622903
0.5,0.5,0,0,4.948524918598174,-0.7156124160555977
0.5,0.5,0,0,4.951686732195592,-0.6933963557721785
0.5,0.5,0,0,4.954748808839674,-0.6711663290882786
0.5,0.5,0,0,4.957711086854023,-0.648922783761442
0.5,0.5,0,0,4.9605735065723895,-0.626666167821519
0.5,0.5,0,0,4.963336010339868,-0.6043969295616322
0.5,0.5,0,0,4.965998542514065,-0.5821155175291128
0.5,0.5,0,0,4.968561049466213,-0.5598223805165449
0.5,0.5,0,0,4.971023479582257,-0.5375179675526284
0.5,0.5,0,0,4.9733857832638915,-0.5152027278932103
0.5,0.5,0,0,4.975647912929556,-0.4928771110122223
0.5,0.5,0,0,4.9778098230154,-0.4705415665925745
0.5,0.5,0,0,4.979871469976195,-0.4481965445171687
0.5,0.5,0,0,4.981832812286216,-0.4258424948598011
0.5,0.5,0,0,4.983693810440073,-0.4034798678760886
0.5,0.5,0,0,4.985454426953513,-0.38110911399442565
0.5,0.5,0,0,4.9871146263641695,-0.3587306838068994
0.5,0.5,0,0,4.98867437523228,-0.3363450280601995
0.5,0.5,0,0,4.990133642141358,-0.31395259764657074
0.5,0.5,0,0,4.991492397698824,-0.29155384359469577
0.5,0.5,0,0,4.992750614536605,-0.2691492170606413
0.5,0.5,0,0,4.993908267311674,-0.24673916931875764
0.5,0.5,0,0,4.994965332706573,-0.22432415175257583
0.5,0.5,0,0,4.995921789429873,-0.20190461584574257
0.5,0.5,0,0,4.996777618216607,-0.17948101317291298
0.5,0.5,0,0,4.997532801828658,-0.1570537953906418
0.5,0.5,0,0,4.998187325055106,-0.13462341422831262
0.5,0.5,0,0,4.998741174712532,-0.1121903214790259
0.5,0.5,0,0,4.999194339645291,-0.08975496899048564
0.5,0.5,0,0,4.999546810725724,-0.0673178086559337
0.5,0.5,0,0,4.999798580854355,-0.044879292404990105
0.5,0.5,0,0,4.999949644960026,-0.022439872194625718
